SNR_dB,MSE
-1.76093963237381,1.00184338413686
