MSE_Wavelet,MSE_Total,Compression_Ratio
5.409587132402e-25,5.40681026470973e-25,2
