Bits,Bitrate_bps,SNR_PCM_dB,SNR_DPCM_dB
8,8000,51.1202645048969,6.86250224968787
12,12000,75.2520405816889,32.5780616810855
16,16000,99.3489449189144,47.3783465584766
